id,english_name,korean_name,dex_entry_english,dex_entry_korean,type_1,type_2,height,weight,is_legendary,is_mythical,sprite_url,gif_url,icon_url
1,Bulbasaur,이상해씨,A strange seed was planted on its back at birth. The plant sprouts and grows with this POKéMON.,태어났을 때부터 등에 이상한 씨앗이 심어져 있으며 몸과 함께 자란다고 한다.,Grass,Poison,0.7,6.9,0,0,https://raw.githubusercontent.com/PokeAPI/sprites/master/sprites/pokemon/other/home/1.png,https://raw.githubusercontent.com/PokeAPI/sprites/master/sprites/pokemon/other/showdown/1.gif,https://raw.githubusercontent.com/PokeAPI/sprites/master/sprites/pokemon/versions/generation-viii/icons/1.png
2,Ivysaur,이상해풀,"When the bulb on its back grows large, it appears to lose the ability to stand on its hind legs.",꽃봉오리가 등에 붙어 있으며 양분을 흡수해가면 커다란 꽃이 핀다고 한다.,Grass,Poison,1.0,13.0,0,0,https://raw.githubusercontent.com/PokeAPI/sprites/master/sprites/pokemon/other/home/2.png,https://raw.githubusercontent.com/PokeAPI/sprites/master/sprites/pokemon/other/showdown/2.gif,https://raw.githubusercontent.com/PokeAPI/sprites/master/sprites/pokemon/versions/generation-viii/icons/2.png
3,Venusaur,이상해꽃,The plant blooms when it is absorbing solar energy. It stays on the move to seek sunlight.,큰 꽃잎을 펼쳐 햇빛을 받고 있으면 몸에 힘이 넘쳐흐른다.,Grass,Poison,2.0,100.0,0,0,https://raw.githubusercontent.com/PokeAPI/sprites/master/sprites/pokemon/other/home/3.png,https://raw.githubusercontent.com/PokeAPI/sprites/master/sprites/pokemon/other/showdown/3.gif,https://raw.githubusercontent.com/PokeAPI/sprites/master/sprites/pokemon/versions/generation-viii/icons/3.png
4,Charmander,파이리,"Obviously prefers hot places. When it rains, steam is said to spout from the tip of its tail.",꼬리의 불꽃은 파이리의 생명력의 상징이다. 건강할 때 왕성하게 불타오른다.,Fire,,0.6,8.5,0,0,https://raw.githubusercontent.com/PokeAPI/sprites/master/sprites/pokemon/other/home/4.png,https://raw.githubusercontent.com/PokeAPI/sprites/master/sprites/pokemon/other/showdown/4.gif,https://raw.githubusercontent.com/PokeAPI/sprites/master/sprites/pokemon/versions/generation-viii/icons/4.png
5,Charmeleon,리자드,"When it swings its burning tail, it elevates the temperature to unbearably high levels.",꼬리를 휘둘러 상대를 쓰러트리고 날카로운 발톱으로 갈기갈기 찢어버린다.,Fire,,1.1,19.0,0,0,https://raw.githubusercontent.com/PokeAPI/sprites/master/sprites/pokemon/other/home/5.png,https://raw.githubusercontent.com/PokeAPI/sprites/master/sprites/pokemon/other/showdown/5.gif,https://raw.githubusercontent.com/PokeAPI/sprites/master/sprites/pokemon/versions/generation-viii/icons/5.png
6,Charizard,리자몽,Spits fire that is hot enough to melt boulders. Known to cause forest fires unintentionally.,입에서 작렬하는 불꽃을 토해낼 때 꼬리의 끝이 더욱 붉고 격렬하게 타오른다.,Fire,Flying,1.7,90.5,0,0,https://raw.githubusercontent.com/PokeAPI/sprites/master/sprites/pokemon/other/home/6.png,https://raw.githubusercontent.com/PokeAPI/sprites/master/sprites/pokemon/other/showdown/6.gif,https://raw.githubusercontent.com/PokeAPI/sprites/master/sprites/pokemon/versions/generation-viii/icons/6.png
7,Squirtle,꼬부기,"After birth, its back swells and hardens into a shell. Powerfully sprays foam from its mouth.",등껍질에 숨어 몸을 보호한다. 상대의 빈틈을 놓치지 않고 물을 뿜어내어 반격한다.,Water,,0.5,9.0,0,0,https://raw.githubusercontent.com/PokeAPI/sprites/master/sprites/pokemon/other/home/7.png,https://raw.githubusercontent.com/PokeAPI/sprites/master/sprites/pokemon/other/showdown/7.gif,https://raw.githubusercontent.com/PokeAPI/sprites/master/sprites/pokemon/versions/generation-viii/icons/7.png
8,Wartortle,어니부기,"Often hides in water to stalk unwary prey. For swimming fast, it moves its ears to maintain balance.",딱 하고 머리를 맞을 때 등껍질로 숨어서 피한다. 하지만 꼬리가 살짝 삐져나와 있다.,Water,,1.0,22.5,0,0,https://raw.githubusercontent.com/PokeAPI/sprites/master/sprites/pokemon/other/home/8.png,https://raw.githubusercontent.com/PokeAPI/sprites/master/sprites/pokemon/other/showdown/8.gif,https://raw.githubusercontent.com/PokeAPI/sprites/master/sprites/pokemon/versions/generation-viii/icons/8.png
9,Blastoise,거북왕,A brutal POKéMON with pressurized water jets on its shell. They are used for high speed tackles.,무거운 몸으로 상대를 덮쳐서 기절시킨다. 위기에 처하면 등껍질에 숨는다.,Water,,1.6,85.5,0,0,https://raw.githubusercontent.com/PokeAPI/sprites/master/sprites/pokemon/other/home/9.png,https://raw.githubusercontent.com/PokeAPI/sprites/master/sprites/pokemon/other/showdown/9.gif,https://raw.githubusercontent.com/PokeAPI/sprites/master/sprites/pokemon/versions/generation-viii/icons/9.png
10,Caterpie,캐터피,Its short feet are tipped with suction pads that enable it to tirelessly climb slopes and walls.,머리의 더듬이로부터 강렬한 냄새를 내어 적을 물리치고 몸을 보호한다.,Bug,,0.3,2.9,0,0,https://raw.githubusercontent.com/PokeAPI/sprites/master/sprites/pokemon/other/home/10.png,https://raw.githubusercontent.com/PokeAPI/sprites/master/sprites/pokemon/other/showdown/10.gif,https://raw.githubusercontent.com/PokeAPI/sprites/master/sprites/pokemon/versions/generation-viii/icons/10.png
11,Metapod,단데기,"This POKéMON is vulnerable to attack while its shell is soft, exposing its weak and tender body.",강철같이 단단한 껍질로 부드러운 몸을 보호하고 있다. 진화할 때까지 가만히 참고 있다.,Bug,,0.7,9.9,0,0,https://raw.githubusercontent.com/PokeAPI/sprites/master/sprites/pokemon/other/home/11.png,https://raw.githubusercontent.com/PokeAPI/sprites/master/sprites/pokemon/other/showdown/11.gif,https://raw.githubusercontent.com/PokeAPI/sprites/master/sprites/pokemon/versions/generation-viii/icons/11.png
12,Butterfree,버터플,"In battle, it flaps its wings at high speed to release highly toxic dust into the air.",꽃의 꿀을 매우 좋아한다. 약간의 꽃가루만으로 꽃밭이 있는 장소를 찾아낼 수 있다.,Bug,Flying,1.1,32.0,0,0,https://raw.githubusercontent.com/PokeAPI/sprites/master/sprites/pokemon/other/home/12.png,https://raw.githubusercontent.com/PokeAPI/sprites/master/sprites/pokemon/other/showdown/12.gif,https://raw.githubusercontent.com/PokeAPI/sprites/master/sprites/pokemon/versions/generation-viii/icons/12.png
13,Weedle,뿔충이,"Often found in forests, eating leaves. It has a sharp venomous stinger on its head.",숲이나 풀밭에 많이 서식한다. 머리끝에 5cm 정도의 작고 날카로운 독침을 지니고 있다.,Bug,Poison,0.3,3.2,0,0,https://raw.githubusercontent.com/PokeAPI/sprites/master/sprites/pokemon/other/home/13.png,https://raw.githubusercontent.com/PokeAPI/sprites/master/sprites/pokemon/other/showdown/13.gif,https://raw.githubusercontent.com/PokeAPI/sprites/master/sprites/pokemon/versions/generation-viii/icons/13.png
14,Kakuna,딱충이,"Almost incapable of moving, this POKéMON can only harden its shell to protect itself from predators.",스스로는 거의 움직일 수 없지만 위험할 때는 단단해져서 몸을 보호하고 있는 것 같다.,Bug,Poison,0.6,10.0,0,0,https://raw.githubusercontent.com/PokeAPI/sprites/master/sprites/pokemon/other/home/14.png,https://raw.githubusercontent.com/PokeAPI/sprites/master/sprites/pokemon/other/showdown/14.gif,https://raw.githubusercontent.com/PokeAPI/sprites/master/sprites/pokemon/versions/generation-viii/icons/14.png
15,Beedrill,독침붕,It has three poisonous stingers on its forelegs and its tail. They are used to jab its enemy repeatedly.,양손과 엉덩이에 있는 3개의 독침으로 상대를 찌르고 찌르고 또 찌르며 공격한다.,Bug,Poison,1.0,29.5,0,0,https://raw.githubusercontent.com/PokeAPI/sprites/master/sprites/pokemon/other/home/15.png,https://raw.githubusercontent.com/PokeAPI/sprites/master/sprites/pokemon/other/showdown/15.gif,https://raw.githubusercontent.com/PokeAPI/sprites/master/sprites/pokemon/versions/generation-viii/icons/15.png
16,Pidgey,구구,A common sight in forests and woods. It flaps its wings at ground level to kick up blinding sand.,숲이나 수풀에 많이 분포해 있다. 땅에서도 격렬한 날갯짓으로 모래를 뿌리기도 한다.,Normal,Flying,0.3,1.8,0,0,https://raw.githubusercontent.com/PokeAPI/sprites/master/sprites/pokemon/other/home/16.png,https://raw.githubusercontent.com/PokeAPI/sprites/master/sprites/pokemon/other/showdown/16.gif,https://raw.githubusercontent.com/PokeAPI/sprites/master/sprites/pokemon/versions/generation-viii/icons/16.png
17,Pidgeotto,피죤,"Very protective of its sprawling territorial area, this POKéMON will fiercely peck at any intruder.",발톱이 발달해 있다. 먹이인 아라리를 잡아 100km 떨어져 있는 둥지까지 나른다.,Normal,Flying,1.1,30.0,0,0,https://raw.githubusercontent.com/PokeAPI/sprites/master/sprites/pokemon/other/home/17.png,https://raw.githubusercontent.com/PokeAPI/sprites/master/sprites/pokemon/other/showdown/17.gif,https://raw.githubusercontent.com/PokeAPI/sprites/master/sprites/pokemon/versions/generation-viii/icons/17.png
18,Pidgeot,피죤투,"When hunting, it skims the surface of water at high speed to pick off unwary prey such as MAGIKARP.",먹이를 찾을 때 수면을 아슬아슬하게 미끄러지듯 날아 잉어킹 등을 움켜잡는다.,Normal,Flying,1.5,39.5,0,0,https://raw.githubusercontent.com/PokeAPI/sprites/master/sprites/pokemon/other/home/18.png,https://raw.githubusercontent.com/PokeAPI/sprites/master/sprites/pokemon/other/showdown/18.gif,https://raw.githubusercontent.com/PokeAPI/sprites/master/sprites/pokemon/versions/generation-viii/icons/18.png
19,Rattata,꼬렛,"Bites anything when it attacks. Small and very quick, it is a common sight in many places.",먹을 것이 있는 곳이라면 어디서든 서식한다. 온종일 먹이를 찾아다닌다.,Normal,,0.3,3.5,0,0,https://raw.githubusercontent.com/PokeAPI/sprites/master/sprites/pokemon/other/home/19.png,https://raw.githubusercontent.com/PokeAPI/sprites/master/sprites/pokemon/other/showdown/19.gif,https://raw.githubusercontent.com/PokeAPI/sprites/master/sprites/pokemon/versions/generation-viii/icons/19.png
20,Raticate,레트라,It uses its whis­ kers to maintain its balance. It apparently slows down if they are cut off.,계속 자라는 앞니를 갈아내려고 딱딱한 것을 갉는 습성이 있다. 벽돌로 된 벽도 갉아서 부순다.,Normal,,0.7,18.5,0,0,https://raw.githubusercontent.com/PokeAPI/sprites/master/sprites/pokemon/other/home/20.png,https://raw.githubusercontent.com/PokeAPI/sprites/master/sprites/pokemon/other/showdown/20.gif,https://raw.githubusercontent.com/PokeAPI/sprites/master/sprites/pokemon/versions/generation-viii/icons/20.png
21,Spearow,깨비참,"It flaps its small wings busily to fly. Using its beak, it searches in grass for prey.",자신의 영역을 지키기 위해 작은 날개를 쳐서 바쁘게 주위를 날아 맴돈다.,Normal,Flying,0.3,2.0,0,0,https://raw.githubusercontent.com/PokeAPI/sprites/master/sprites/pokemon/other/home/21.png,https://raw.githubusercontent.com/PokeAPI/sprites/master/sprites/pokemon/other/showdown/21.gif,https://raw.githubusercontent.com/PokeAPI/sprites/master/sprites/pokemon/versions/generation-viii/icons/21.png
22,Fearow,깨비드릴조,"With its huge and magnificent wings, it can keep aloft without ever having to land for rest.",커다란 날개로 넓은 하늘을 계속 날 수 있다. 한 번도 내려앉지 않아도 괜찮다.,Normal,Flying,1.2,38.0,0,0,https://raw.githubusercontent.com/PokeAPI/sprites/master/sprites/pokemon/other/home/22.png,https://raw.githubusercontent.com/PokeAPI/sprites/master/sprites/pokemon/other/showdown/22.gif,https://raw.githubusercontent.com/PokeAPI/sprites/master/sprites/pokemon/versions/generation-viii/icons/22.png
23,Ekans,아보,"Moves silently and stealthily. Eats the eggs of birds, such as PIDGEY and SPEAROW, whole.",성장할수록 점점 길어진다. 밤에는 나뭇가지에 몸을 돌돌 말고 쉰다.,Poison,,2.0,6.9,0,0,https://raw.githubusercontent.com/PokeAPI/sprites/master/sprites/pokemon/other/home/23.png,https://raw.githubusercontent.com/PokeAPI/sprites/master/sprites/pokemon/other/showdown/23.gif,https://raw.githubusercontent.com/PokeAPI/sprites/master/sprites/pokemon/versions/generation-viii/icons/23.png
24,Arbok,아보크,It is rumored that the ferocious warning markings on its belly differ from area to area.,배의 무늬가 무서운 얼굴로 보인다. 약한 적은 그 무늬만 보고도 도망치고 만다.,Poison,,3.5,65.0,0,0,https://raw.githubusercontent.com/PokeAPI/sprites/master/sprites/pokemon/other/home/24.png,https://raw.githubusercontent.com/PokeAPI/sprites/master/sprites/pokemon/other/showdown/24.gif,https://raw.githubusercontent.com/PokeAPI/sprites/master/sprites/pokemon/versions/generation-viii/icons/24.png
25,Pikachu,피카츄,"When several of these POKéMON gather, their electricity could build and cause lightning storms.",꼬리를 세우고 주변의 상황을 살피다 보면 가끔 꼬리에 번개가 친다.,Electric,,0.4,6.0,0,0,https://raw.githubusercontent.com/PokeAPI/sprites/master/sprites/pokemon/other/home/25.png,https://raw.githubusercontent.com/PokeAPI/sprites/master/sprites/pokemon/other/showdown/25.gif,https://raw.githubusercontent.com/PokeAPI/sprites/master/sprites/pokemon/versions/generation-viii/icons/25.png
26,Raichu,라이츄,Its long tail serves as a ground to protect itself from its own high-voltage power.,전기가 모이면 근육이 자극되어 여느 때보다 공격적이 된다.,Electric,,0.8,30.0,0,0,https://raw.githubusercontent.com/PokeAPI/sprites/master/sprites/pokemon/other/home/26.png,https://raw.githubusercontent.com/PokeAPI/sprites/master/sprites/pokemon/other/showdown/26.gif,https://raw.githubusercontent.com/PokeAPI/sprites/master/sprites/pokemon/versions/generation-viii/icons/26.png
27,Sandshrew,모래두지,Burrows deep underground in arid locations far from water. It only emerges to hunt for food.,지면에 구멍을 파고 산다. 자신에게 위험이 닥쳐오면 둥글게 말아서 몸을 보호한다.,Ground,,0.6,12.0,0,0,https://raw.githubusercontent.com/PokeAPI/sprites/master/sprites/pokemon/other/home/27.png,https://raw.githubusercontent.com/PokeAPI/sprites/master/sprites/pokemon/other/showdown/27.gif,https://raw.githubusercontent.com/PokeAPI/sprites/master/sprites/pokemon/versions/generation-viii/icons/27.png
28,Sandslash,고지,Curls up into a spiny ball when threatened. It can roll while curled up to attack or escape.,굉장한 기세로 지면을 파면 가시와 발톱이 부러져 버리지만 다음 날에는 바로 돋아나 있다.,Ground,,1.0,29.5,0,0,https://raw.githubusercontent.com/PokeAPI/sprites/master/sprites/pokemon/other/home/28.png,https://raw.githubusercontent.com/PokeAPI/sprites/master/sprites/pokemon/other/showdown/28.gif,https://raw.githubusercontent.com/PokeAPI/sprites/master/sprites/pokemon/versions/generation-viii/icons/28.png
29,Nidoran♀,니드런♀,"Although small, its venomous barbs render this POKéMON dangerous. The female has smaller horns.",몸은 작지만 독침을 지니고 있기 때문에 주의가 필요하다. 암컷의 뿔이 더 작다.,Poison,,0.4,7.0,0,0,https://raw.githubusercontent.com/PokeAPI/sprites/master/sprites/pokemon/other/home/29.png,https://raw.githubusercontent.com/PokeAPI/sprites/master/sprites/pokemon/other/showdown/29.gif,https://raw.githubusercontent.com/PokeAPI/sprites/master/sprites/pokemon/versions/generation-viii/icons/29.png
30,Nidorina,니드리나,The female's horn develops slowly. Prefers physical attacks such as clawing and biting.,암컷으로 성격은 온화하다. 입에서 내보내는 초음파는 상대를 혼란시키는 힘이 있다.,Poison,,0.8,20.0,0,0,https://raw.githubusercontent.com/PokeAPI/sprites/master/sprites/pokemon/other/home/30.png,https://raw.githubusercontent.com/PokeAPI/sprites/master/sprites/pokemon/other/showdown/30.gif,https://raw.githubusercontent.com/PokeAPI/sprites/master/sprites/pokemon/versions/generation-viii/icons/30.png
31,Nidoqueen,니드퀸,Its hard scales provide strong protection. It uses its hefty bulk to execute powerful moves.,비늘로 뒤덮인 튼튼한 몸으로 둥지의 입구를 막아 상대로부터 새끼들을 지킨다.,Poison,Ground,1.3,60.0,0,0,https://raw.githubusercontent.com/PokeAPI/sprites/master/sprites/pokemon/other/home/31.png,https://raw.githubusercontent.com/PokeAPI/sprites/master/sprites/pokemon/other/showdown/31.gif,https://raw.githubusercontent.com/PokeAPI/sprites/master/sprites/pokemon/versions/generation-viii/icons/31.png
32,Nidoran♂,니드런♂,"Stiffens its ears to sense danger. The larger its horns, the more powerful its secreted venom.",풀밭 위로 귀만 내어 주위의 낌새를 살핀다. 맹독의 뿔로 몸을 보호한다.,Poison,,0.5,9.0,0,0,https://raw.githubusercontent.com/PokeAPI/sprites/master/sprites/pokemon/other/home/32.png,https://raw.githubusercontent.com/PokeAPI/sprites/master/sprites/pokemon/other/showdown/32.gif,https://raw.githubusercontent.com/PokeAPI/sprites/master/sprites/pokemon/versions/generation-viii/icons/32.png
33,Nidorino,니드리노,An aggressive POKéMON that is quick to attack. The horn on its head secretes a powerful venom.,신경질적이고 호전적이다. 체내의 아드레날린이 증가하면 독소의 농도도 높아진다.,Poison,,0.9,19.5,0,0,https://raw.githubusercontent.com/PokeAPI/sprites/master/sprites/pokemon/other/home/33.png,https://raw.githubusercontent.com/PokeAPI/sprites/master/sprites/pokemon/other/showdown/33.gif,https://raw.githubusercontent.com/PokeAPI/sprites/master/sprites/pokemon/versions/generation-viii/icons/33.png
34,Nidoking,니드킹,"It uses its powerful tail in battle to smash, constrict, then break the prey's bones.",돌처럼 딱딱한 피부와 길게 뻗은 뿔이 특징이다. 뿔에는 독이 있으니 주의해야 한다.,Poison,Ground,1.4,62.0,0,0,https://raw.githubusercontent.com/PokeAPI/sprites/master/sprites/pokemon/other/home/34.png,https://raw.githubusercontent.com/PokeAPI/sprites/master/sprites/pokemon/other/showdown/34.gif,https://raw.githubusercontent.com/PokeAPI/sprites/master/sprites/pokemon/versions/generation-viii/icons/34.png
35,Clefairy,삐삐,Its magical and cute appeal has many admirers. It is rare and found only in certain areas.,보름달 밤에 삐삐가 모여 춤을 추는 모습을 보면 행복해진다고 전해진다.,Fairy,,0.6,7.5,0,0,https://raw.githubusercontent.com/PokeAPI/sprites/master/sprites/pokemon/other/home/35.png,https://raw.githubusercontent.com/PokeAPI/sprites/master/sprites/pokemon/other/showdown/35.gif,https://raw.githubusercontent.com/PokeAPI/sprites/master/sprites/pokemon/versions/generation-viii/icons/35.png
36,Clefable,픽시,A timid fairy POKéMON that is rarely seen. It will run and hide the moment it senses people.,1km 전방에 떨어진 바늘 소리도 분간할 수 있는 우수한 귀를 가지고 있다. 조용한 산속에 살고 있다.,Fairy,,1.3,40.0,0,0,https://raw.githubusercontent.com/PokeAPI/sprites/master/sprites/pokemon/other/home/36.png,https://raw.githubusercontent.com/PokeAPI/sprites/master/sprites/pokemon/other/showdown/36.gif,https://raw.githubusercontent.com/PokeAPI/sprites/master/sprites/pokemon/versions/generation-viii/icons/36.png
37,Vulpix,식스테일,"At the time of birth, it has just one tail. The tail splits from its tip as it grows older.",태어났을 때는 꼬리가 새하얗고 하나밖에 없다. 성장하면 끝이 갈라지며 꼬리 수가 늘어난다.,Fire,,0.6,9.9,0,0,https://raw.githubusercontent.com/PokeAPI/sprites/master/sprites/pokemon/other/home/37.png,https://raw.githubusercontent.com/PokeAPI/sprites/master/sprites/pokemon/other/showdown/37.gif,https://raw.githubusercontent.com/PokeAPI/sprites/master/sprites/pokemon/versions/generation-viii/icons/37.png
38,Ninetales,나인테일,Very smart and very vengeful. Grabbing one of its many tails could result in a 1000-year curse.,황금빛으로 빛나는 털과 9개의 긴 꼬리를 지녔다. 1000년을 산다고 한다.,Fire,,1.1,19.9,0,0,https://raw.githubusercontent.com/PokeAPI/sprites/master/sprites/pokemon/other/home/38.png,https://raw.githubusercontent.com/PokeAPI/sprites/master/sprites/pokemon/other/showdown/38.gif,https://raw.githubusercontent.com/PokeAPI/sprites/master/sprites/pokemon/versions/generation-viii/icons/38.png
39,Jigglypuff,푸린,"When its huge eyes light up, it sings a mysteriously soothing melody that lulls its enemies to sleep.",동그랗고 커다란 눈동자로 유인하고 기분 좋은 노래를 불러 상대방을 잠들게 한다.,Normal,Fairy,0.5,5.5,0,0,https://raw.githubusercontent.com/PokeAPI/sprites/master/sprites/pokemon/other/home/39.png,https://raw.githubusercontent.com/PokeAPI/sprites/master/sprites/pokemon/other/showdown/39.gif,https://raw.githubusercontent.com/PokeAPI/sprites/master/sprites/pokemon/versions/generation-viii/icons/39.png
40,Wigglytuff,푸크린,"The body is soft and rubbery. When angered, it will suck in air and inflate itself to an enormous size.",2마리가 바싹 붙어 있으면 서로의 털이 너무 기분 좋아서 떨어지지 않게 되어버린다.,Normal,Fairy,1.0,12.0,0,0,https://raw.githubusercontent.com/PokeAPI/sprites/master/sprites/pokemon/other/home/40.png,https://raw.githubusercontent.com/PokeAPI/sprites/master/sprites/pokemon/other/showdown/40.gif,https://raw.githubusercontent.com/PokeAPI/sprites/master/sprites/pokemon/versions/generation-viii/icons/40.png
41,Zubat,주뱃,Forms colonies in perpetually dark places. Uses ultrasonic waves to identify and approach targets.,입에서 내는 초음파로 두 눈이 없어도 주위의 장애물을 탐색할 수 있다.,Poison,Flying,0.8,7.5,0,0,https://raw.githubusercontent.com/PokeAPI/sprites/master/sprites/pokemon/other/home/41.png,https://raw.githubusercontent.com/PokeAPI/sprites/master/sprites/pokemon/other/showdown/41.gif,https://raw.githubusercontent.com/PokeAPI/sprites/master/sprites/pokemon/versions/generation-viii/icons/41.png
42,Golbat,골뱃,"Once it strikes, it will not stop draining energy from the victim even if it gets too heavy to fly.",물리면 끝이다. 죽을 정도로 피를 빨아들이기 때문에 무거워져서 날 수 없게 될 때도 있다.,Poison,Flying,1.6,55.0,0,0,https://raw.githubusercontent.com/PokeAPI/sprites/master/sprites/pokemon/other/home/42.png,https://raw.githubusercontent.com/PokeAPI/sprites/master/sprites/pokemon/other/showdown/42.gif,https://raw.githubusercontent.com/PokeAPI/sprites/master/sprites/pokemon/versions/generation-viii/icons/42.png
43,Oddish,뚜벅쵸,"During the day, it keeps its face buried in the ground. At night, it wanders around sowing its seeds.",낮에는 태양을 피하려고 차가운 땅속에 들어가 있다. 달빛을 쬐어 성장한다.,Grass,Poison,0.5,5.4,0,0,https://raw.githubusercontent.com/PokeAPI/sprites/master/sprites/pokemon/other/home/43.png,https://raw.githubusercontent.com/PokeAPI/sprites/master/sprites/pokemon/other/showdown/43.gif,https://raw.githubusercontent.com/PokeAPI/sprites/master/sprites/pokemon/versions/generation-viii/icons/43.png
44,Gloom,냄새꼬,The fluid that oozes from its mouth isn't drool. It is a nectar that is used to attract prey.,강렬한 악취가 난다! 그럼에도 불구하고 1000명에 한 명 정도 이 냄새를 즐겨 맡는 사람이 있다.,Grass,Poison,0.8,8.6,0,0,https://raw.githubusercontent.com/PokeAPI/sprites/master/sprites/pokemon/other/home/44.png,https://raw.githubusercontent.com/PokeAPI/sprites/master/sprites/pokemon/other/showdown/44.gif,https://raw.githubusercontent.com/PokeAPI/sprites/master/sprites/pokemon/versions/generation-viii/icons/44.png
45,Vileplume,라플레시아,"It has the world’s largest petals. With every step, the petals shake out heavy clouds of toxic pollen.",꽃잎이 클수록 많은 꽃가루를 만들어 내지만 머리가 무거워서 지쳐버린다고 한다.,Grass,Poison,1.2,18.6,0,0,https://raw.githubusercontent.com/PokeAPI/sprites/master/sprites/pokemon/other/home/45.png,https://raw.githubusercontent.com/PokeAPI/sprites/master/sprites/pokemon/other/showdown/45.gif,https://raw.githubusercontent.com/PokeAPI/sprites/master/sprites/pokemon/versions/generation-viii/icons/45.png
46,Paras,파라스,Burrows to suck tree roots. The mushrooms on its back grow by draw­ ing nutrients from the bug host.,벌레의 등에 돋아나 있는 것은 동충하초라는 버섯이다. 성장하면 버섯도 커진다.,Bug,Grass,0.3,5.4,0,0,https://raw.githubusercontent.com/PokeAPI/sprites/master/sprites/pokemon/other/home/46.png,https://raw.githubusercontent.com/PokeAPI/sprites/master/sprites/pokemon/other/showdown/46.gif,https://raw.githubusercontent.com/PokeAPI/sprites/master/sprites/pokemon/versions/generation-viii/icons/46.png
47,Parasect,파라섹트,A host-parasite pair in which the parasite mushroom has taken over the host bug. Prefers damp places.,몸보다 큰 버섯이 파라섹트를 조종하고 있다. 독 포자를 여기저기 뿌린다.,Bug,Grass,1.0,29.5,0,0,https://raw.githubusercontent.com/PokeAPI/sprites/master/sprites/pokemon/other/home/47.png,https://raw.githubusercontent.com/PokeAPI/sprites/master/sprites/pokemon/other/showdown/47.gif,https://raw.githubusercontent.com/PokeAPI/sprites/master/sprites/pokemon/versions/generation-viii/icons/47.png
48,Venonat,콘팡,Lives in the shadows of tall trees where it eats insects. It is attracted by light at night.,작은 눈이 많이 모여 큰 눈을 이루고 있다. 밤이 되면 불빛을 향해 모여든다.,Bug,Poison,1.0,30.0,0,0,https://raw.githubusercontent.com/PokeAPI/sprites/master/sprites/pokemon/other/home/48.png,https://raw.githubusercontent.com/PokeAPI/sprites/master/sprites/pokemon/other/showdown/48.gif,https://raw.githubusercontent.com/PokeAPI/sprites/master/sprites/pokemon/versions/generation-viii/icons/48.png
49,Venomoth,도나리,The dustlike scales covering its wings are color-coded to indicate the kinds of poison it has.,흩뿌려진 날개 가루에 닿으면 몸의 감각이 이상해져서 똑바로 서 있을 수 없게 된다.,Bug,Poison,1.5,12.5,0,0,https://raw.githubusercontent.com/PokeAPI/sprites/master/sprites/pokemon/other/home/49.png,https://raw.githubusercontent.com/PokeAPI/sprites/master/sprites/pokemon/other/showdown/49.gif,https://raw.githubusercontent.com/PokeAPI/sprites/master/sprites/pokemon/versions/generation-viii/icons/49.png
50,Diglett,디그다,Lives about one yard underground where it feeds on plant roots. It sometimes appears above ground.,피부가 매우 얇아서 빛을 쪼이게 되면 혈액이 데워져 약해진다.,Ground,,0.2,0.8,0,0,https://raw.githubusercontent.com/PokeAPI/sprites/master/sprites/pokemon/other/home/50.png,https://raw.githubusercontent.com/PokeAPI/sprites/master/sprites/pokemon/other/showdown/50.gif,https://raw.githubusercontent.com/PokeAPI/sprites/master/sprites/pokemon/versions/generation-viii/icons/50.png
51,Dugtrio,닥트리오,A team of DIGLETT triplets. It triggers huge earthquakes by burrowing 60 miles underground.,땅속을 파고들어 가 상대가 방심하고 있을 때 다른 곳에서 공격한다.,Ground,,0.7,33.3,0,0,https://raw.githubusercontent.com/PokeAPI/sprites/master/sprites/pokemon/other/home/51.png,https://raw.githubusercontent.com/PokeAPI/sprites/master/sprites/pokemon/other/showdown/51.gif,https://raw.githubusercontent.com/PokeAPI/sprites/master/sprites/pokemon/versions/generation-viii/icons/51.png
52,Meowth,나옹,It washes its face regularly to keep the coin on its forehead spotless. It doesn’t get along with Galarian Meowth.,한밤중에 움직이는 습성이 있다. 반짝반짝 빛나는 것을 발견하면 그에 못지않게 눈동자가 반짝인다.,Normal,,0.4,4.2,0,0,https://raw.githubusercontent.com/PokeAPI/sprites/master/sprites/pokemon/other/home/52.png,https://raw.githubusercontent.com/PokeAPI/sprites/master/sprites/pokemon/other/showdown/52.gif,https://raw.githubusercontent.com/PokeAPI/sprites/master/sprites/pokemon/versions/generation-viii/icons/52.png
53,Persian,페르시온,"Although its fur has many admirers, it is tough to raise as a pet because of its fickle meanness.","털의 결이 아름다워 애완용으로 기르려는 사람이 많지만, 곧잘 할퀴려 들기 때문에 쉽지 않다.",Normal,,1.0,32.0,0,0,https://raw.githubusercontent.com/PokeAPI/sprites/master/sprites/pokemon/other/home/53.png,https://raw.githubusercontent.com/PokeAPI/sprites/master/sprites/pokemon/other/showdown/53.gif,https://raw.githubusercontent.com/PokeAPI/sprites/master/sprites/pokemon/versions/generation-viii/icons/53.png
54,Psyduck,고라파덕,"While lulling its enemies with its vacant look, this wily POKéMON will use psychokinetic powers.",항상 두통에 시달리고 있다. 이 두통이 심해지면 이상한 힘을 쓰기 시작한다.,Water,,0.8,19.6,0,0,https://raw.githubusercontent.com/PokeAPI/sprites/master/sprites/pokemon/other/home/54.png,https://raw.githubusercontent.com/PokeAPI/sprites/master/sprites/pokemon/other/showdown/54.gif,https://raw.githubusercontent.com/PokeAPI/sprites/master/sprites/pokemon/versions/generation-viii/icons/54.png
55,Golduck,골덕,"Often seen swim­ ming elegantly by lake shores. It is often mistaken for the Japanese monster, Kappa.",해 질 무렵 강가에 모습을 나타낸다. 이마가 이상하게 빛날 때 신통력을 발휘한다고 전해진다.,Water,,1.7,76.6,0,0,https://raw.githubusercontent.com/PokeAPI/sprites/master/sprites/pokemon/other/home/55.png,https://raw.githubusercontent.com/PokeAPI/sprites/master/sprites/pokemon/other/showdown/55.gif,https://raw.githubusercontent.com/PokeAPI/sprites/master/sprites/pokemon/versions/generation-viii/icons/55.png
56,Mankey,망키,Extremely quick to anger. It could be docile one moment then thrashing away the next instant.,이유 없이 화내고 날뛰기 시작하면 동료도 구별하지 못하기 때문에 가까이 가는 것은 매우 위험하다.,Fighting,,0.5,28.0,0,0,https://raw.githubusercontent.com/PokeAPI/sprites/master/sprites/pokemon/other/home/56.png,https://raw.githubusercontent.com/PokeAPI/sprites/master/sprites/pokemon/other/showdown/56.gif,https://raw.githubusercontent.com/PokeAPI/sprites/master/sprites/pokemon/versions/generation-viii/icons/56.png
57,Primeape,성원숭,Always furious and tenacious to boot. It will not abandon chasing its quarry until it is caught.,주위에 아무도 없을 때만은 화를 내지 않고 있다. 그러나 그 모습을 보기가 어렵다.,Fighting,,1.0,32.0,0,0,https://raw.githubusercontent.com/PokeAPI/sprites/master/sprites/pokemon/other/home/57.png,https://raw.githubusercontent.com/PokeAPI/sprites/master/sprites/pokemon/other/showdown/57.gif,https://raw.githubusercontent.com/PokeAPI/sprites/master/sprites/pokemon/versions/generation-viii/icons/57.png
58,Growlithe,가디,Very protective of its territory. It will bark and bite to repel intruders from its space.,사람을 잘 따르는 충실한 성격이다. 적에게는 짖거나 물며 쫓아내려고 한다.,Fire,,0.7,19.0,0,0,https://raw.githubusercontent.com/PokeAPI/sprites/master/sprites/pokemon/other/home/58.png,https://raw.githubusercontent.com/PokeAPI/sprites/master/sprites/pokemon/other/showdown/58.gif,https://raw.githubusercontent.com/PokeAPI/sprites/master/sprites/pokemon/versions/generation-viii/icons/58.png
59,Arcanine,윈디,A POKéMON that has been admired since the past for its beauty. It runs agilely as if on wings.,옛날부터 많은 사람의 마음을 사로잡은 아름다운 포켓몬이다. 날듯이 경쾌하게 달린다.,Fire,,1.9,155.0,0,0,https://raw.githubusercontent.com/PokeAPI/sprites/master/sprites/pokemon/other/home/59.png,https://raw.githubusercontent.com/PokeAPI/sprites/master/sprites/pokemon/other/showdown/59.gif,https://raw.githubusercontent.com/PokeAPI/sprites/master/sprites/pokemon/versions/generation-viii/icons/59.png
60,Poliwag,발챙이,Its newly grown legs prevent it from running. It appears to prefer swimming than trying to stand.,매끄럽고 검은 피부는 얇고 축축하다. 내장 일부가 비쳐서 소용돌이 모양으로 보인다.,Water,,0.6,12.4,0,0,https://raw.githubusercontent.com/PokeAPI/sprites/master/sprites/pokemon/other/home/60.png,https://raw.githubusercontent.com/PokeAPI/sprites/master/sprites/pokemon/other/showdown/60.gif,https://raw.githubusercontent.com/PokeAPI/sprites/master/sprites/pokemon/versions/generation-viii/icons/60.png
61,Poliwhirl,슈륙챙이,"Capable of living in or out of water. When out of water, it sweats to keep its body slimy.",육지에서도 수중에서도 살 수 있다. 지상에서는 항상 땀을 흘려서 피부를 미끌미끌하게 하고 있다.,Water,,1.0,20.0,0,0,https://raw.githubusercontent.com/PokeAPI/sprites/master/sprites/pokemon/other/home/61.png,https://raw.githubusercontent.com/PokeAPI/sprites/master/sprites/pokemon/other/showdown/61.gif,https://raw.githubusercontent.com/PokeAPI/sprites/master/sprites/pokemon/versions/generation-viii/icons/61.png
62,Poliwrath,강챙이,An adept swimmer at both the front crawl and breast stroke. Easily overtakes the best human swimmers.,강인한 근육을 가지고 있다. 태평양을 쉬지 않고 계속 헤엄칠 수 있다.,Water,Fighting,1.3,54.0,0,0,https://raw.githubusercontent.com/PokeAPI/sprites/master/sprites/pokemon/other/home/62.png,https://raw.githubusercontent.com/PokeAPI/sprites/master/sprites/pokemon/other/showdown/62.gif,https://raw.githubusercontent.com/PokeAPI/sprites/master/sprites/pokemon/versions/generation-viii/icons/62.png
63,Abra,캐이시,"Using its ability to read minds, it will identify impending danger and TELEPORT to safety.",하루에 18시간은 자고 있다. 자는 동안에도 다양한 초능력을 사용한다.,Psychic,,0.9,19.5,0,0,https://raw.githubusercontent.com/PokeAPI/sprites/master/sprites/pokemon/other/home/63.png,https://raw.githubusercontent.com/PokeAPI/sprites/master/sprites/pokemon/other/showdown/63.gif,https://raw.githubusercontent.com/PokeAPI/sprites/master/sprites/pokemon/versions/generation-viii/icons/63.png
64,Kadabra,윤겔라,It emits special alpha waves from its body that induce headaches just by being close by.,초능력을 발휘하면 강한 알파파를 내어 정밀 기계를 고장 내 버린다.,Psychic,,1.3,56.5,0,0,https://raw.githubusercontent.com/PokeAPI/sprites/master/sprites/pokemon/other/home/64.png,https://raw.githubusercontent.com/PokeAPI/sprites/master/sprites/pokemon/other/showdown/64.gif,https://raw.githubusercontent.com/PokeAPI/sprites/master/sprites/pokemon/versions/generation-viii/icons/64.png
65,Alakazam,후딘,"Its brain can out­ perform a super­ computer. Its intelligence quotient is said to be 5,000.",뇌세포는 항상 분열해서 죽을 때까지 늘어나기 때문에 모든 것을 기억해 놓을 수 있다.,Psychic,,1.5,48.0,0,0,https://raw.githubusercontent.com/PokeAPI/sprites/master/sprites/pokemon/other/home/65.png,https://raw.githubusercontent.com/PokeAPI/sprites/master/sprites/pokemon/other/showdown/65.gif,https://raw.githubusercontent.com/PokeAPI/sprites/master/sprites/pokemon/versions/generation-viii/icons/65.png
66,Machop,알통몬,Loves to build its muscles. It trains in all styles of martial arts to become even stronger.,데구리를 수없이 들었다 놨다 하며 전신의 근육을 단련한다. 모든 격투기를 사용한다.,Fighting,,0.8,19.5,0,0,https://raw.githubusercontent.com/PokeAPI/sprites/master/sprites/pokemon/other/home/66.png,https://raw.githubusercontent.com/PokeAPI/sprites/master/sprites/pokemon/other/showdown/66.gif,https://raw.githubusercontent.com/PokeAPI/sprites/master/sprites/pokemon/versions/generation-viii/icons/66.png
67,Machoke,근육몬,"Its muscular body is so powerful, it must wear a power save belt to be able to regulate its motions.",엄청나게 강한 육체를 지녔기 때문에 파워 세이브 벨트를 차서 힘을 제어하고 있다.,Fighting,,1.5,70.5,0,0,https://raw.githubusercontent.com/PokeAPI/sprites/master/sprites/pokemon/other/home/67.png,https://raw.githubusercontent.com/PokeAPI/sprites/master/sprites/pokemon/other/showdown/67.gif,https://raw.githubusercontent.com/PokeAPI/sprites/master/sprites/pokemon/versions/generation-viii/icons/67.png
68,Machamp,괴력몬,"Using its heavy muscles, it throws powerful punches that can send the victim clear over the horizon.",발달한 4개의 팔은 2초 동안 1000번의 펀치를 날릴 수 있다.,Fighting,,1.6,130.0,0,0,https://raw.githubusercontent.com/PokeAPI/sprites/master/sprites/pokemon/other/home/68.png,https://raw.githubusercontent.com/PokeAPI/sprites/master/sprites/pokemon/other/showdown/68.gif,https://raw.githubusercontent.com/PokeAPI/sprites/master/sprites/pokemon/versions/generation-viii/icons/68.png
69,Bellsprout,모다피,A carnivorous POKéMON that traps and eats bugs. It uses its root feet to soak up needed moisture.,홀쭉한 체격이지만 먹이를 잡을 때의 움직임은 눈에 보이지 않을 정도로 빠르다.,Grass,Poison,0.7,4.0,0,0,https://raw.githubusercontent.com/PokeAPI/sprites/master/sprites/pokemon/other/home/69.png,https://raw.githubusercontent.com/PokeAPI/sprites/master/sprites/pokemon/other/showdown/69.gif,https://raw.githubusercontent.com/PokeAPI/sprites/master/sprites/pokemon/versions/generation-viii/icons/69.png
70,Weepinbell,우츠동,It spits out POISONPOWDER to immobilize the enemy and then finishes it with a spray of ACID.,잎사귀 부분은 칼날이 되어 상대를 베어버린다. 입에서는 무엇이든 녹이는 액체를 뿜어낸다.,Grass,Poison,1.0,6.4,0,0,https://raw.githubusercontent.com/PokeAPI/sprites/master/sprites/pokemon/other/home/70.png,https://raw.githubusercontent.com/PokeAPI/sprites/master/sprites/pokemon/other/showdown/70.gif,https://raw.githubusercontent.com/PokeAPI/sprites/master/sprites/pokemon/versions/generation-viii/icons/70.png
71,Victreebel,우츠보트,"Said to live in huge colonies deep in jungles, although no one has ever returned from there.",정글의 안쪽에 우츠보트만 있는 지대가 있어서 한 번 가면 두 번 다시 돌아올 수 없다.,Grass,Poison,1.7,15.5,0,0,https://raw.githubusercontent.com/PokeAPI/sprites/master/sprites/pokemon/other/home/71.png,https://raw.githubusercontent.com/PokeAPI/sprites/master/sprites/pokemon/other/showdown/71.gif,https://raw.githubusercontent.com/PokeAPI/sprites/master/sprites/pokemon/versions/generation-viii/icons/71.png
72,Tentacool,왕눈해,Drifts in shallow seas. Anglers who hook them by accident are often punished by its stinging acid.,몸 대부분이 수분이다. 수정 같은 눈에서 이상한 빔을 발사한다.,Water,Poison,0.9,45.5,0,0,https://raw.githubusercontent.com/PokeAPI/sprites/master/sprites/pokemon/other/home/72.png,https://raw.githubusercontent.com/PokeAPI/sprites/master/sprites/pokemon/other/showdown/72.gif,https://raw.githubusercontent.com/PokeAPI/sprites/master/sprites/pokemon/versions/generation-viii/icons/72.png
73,Tentacruel,독파리,"The tentacles are normally kept short. On hunts, they are extended to ensnare and immobilize prey.",촉수는 평소에는 짧고 먹이를 찌를 때 길게 늘어나 휘감는다.,Water,Poison,1.6,55.0,0,0,https://raw.githubusercontent.com/PokeAPI/sprites/master/sprites/pokemon/other/home/73.png,https://raw.githubusercontent.com/PokeAPI/sprites/master/sprites/pokemon/other/showdown/73.gif,https://raw.githubusercontent.com/PokeAPI/sprites/master/sprites/pokemon/versions/generation-viii/icons/73.png
74,Geodude,꼬마돌,"Found in fields and mountains. Mistaking them for boulders, people often step or trip on them.",초원이나 산에 서식한다. 돌멩이와 닮은 탓에 알아채지 못하고 밟거나 발이 걸려 넘어지기도 한다.,Rock,Ground,0.4,20.0,0,0,https://raw.githubusercontent.com/PokeAPI/sprites/master/sprites/pokemon/other/home/74.png,https://raw.githubusercontent.com/PokeAPI/sprites/master/sprites/pokemon/other/showdown/74.gif,https://raw.githubusercontent.com/PokeAPI/sprites/master/sprites/pokemon/versions/generation-viii/icons/74.png
75,Graveler,데구리,Rolls down slopes to move. It rolls over any obstacle without slowing or changing its direction.,산에서 굴러 떨어질 때 몸의 여기저기가 부서져도 신경 쓰지 않는 호쾌한 성격이다.,Rock,Ground,1.0,105.0,0,0,https://raw.githubusercontent.com/PokeAPI/sprites/master/sprites/pokemon/other/home/75.png,https://raw.githubusercontent.com/PokeAPI/sprites/master/sprites/pokemon/other/showdown/75.gif,https://raw.githubusercontent.com/PokeAPI/sprites/master/sprites/pokemon/versions/generation-viii/icons/75.png
76,Golem,딱구리,Its boulder-like body is extremely hard. It can easily withstand dynamite blasts without damage.,산 정상에서 산기슭까지 이어지는 움푹 패인 홈은 딱구리가 굴러 다니는 길이므로 주의가 필요하다.,Rock,Ground,1.4,300.0,0,0,https://raw.githubusercontent.com/PokeAPI/sprites/master/sprites/pokemon/other/home/76.png,https://raw.githubusercontent.com/PokeAPI/sprites/master/sprites/pokemon/other/showdown/76.gif,https://raw.githubusercontent.com/PokeAPI/sprites/master/sprites/pokemon/versions/generation-viii/icons/76.png
77,Ponyta,포니타,Its hooves are 10 times harder than diamonds. It can trample anything completely flat in little time.,막 태어나서는 겨우 일어설 수 있을 정도이지만 많이 달리면 하반신이 단련되어 달리는 속도가 빨라진다.,Fire,,1.0,30.0,0,0,https://raw.githubusercontent.com/PokeAPI/sprites/master/sprites/pokemon/other/home/77.png,https://raw.githubusercontent.com/PokeAPI/sprites/master/sprites/pokemon/other/showdown/77.gif,https://raw.githubusercontent.com/PokeAPI/sprites/master/sprites/pokemon/versions/generation-viii/icons/77.png
78,Rapidash,날쌩마,"Very competitive, this POKéMON will chase anything that moves fast in the hopes of racing it.",빠르게 움직이는 물체를 보면 경주를 하고 싶어져서 맹렬한 스피드로 쫓아가기 시작한다.,Fire,,1.7,95.0,0,0,https://raw.githubusercontent.com/PokeAPI/sprites/master/sprites/pokemon/other/home/78.png,https://raw.githubusercontent.com/PokeAPI/sprites/master/sprites/pokemon/other/showdown/78.gif,https://raw.githubusercontent.com/PokeAPI/sprites/master/sprites/pokemon/versions/generation-viii/icons/78.png
79,Slowpoke,야돈,Incredibly slow and dopey. It takes 5 seconds for it to feel pain when under attack.,항상 멍하니 있으므로 무슨 생각을 하고 있는지 알 수 없다. 꼬리로 먹이를 낚는 것이 특기다.,Water,Psychic,1.2,36.0,0,0,https://raw.githubusercontent.com/PokeAPI/sprites/master/sprites/pokemon/other/home/79.png,https://raw.githubusercontent.com/PokeAPI/sprites/master/sprites/pokemon/other/showdown/79.gif,https://raw.githubusercontent.com/PokeAPI/sprites/master/sprites/pokemon/versions/generation-viii/icons/79.png
80,Slowbro,야도란,The SHELLDER that is latched onto SLOWPOKE's tail is said to feed on the host's left over scraps.,붙어 있는 셀러는 꼬리에서 배어 나오는 맛을 좋아해서 계속 떨어지지 않는다.,Water,Psychic,1.6,78.5,0,0,https://raw.githubusercontent.com/PokeAPI/sprites/master/sprites/pokemon/other/home/80.png,https://raw.githubusercontent.com/PokeAPI/sprites/master/sprites/pokemon/other/showdown/80.gif,https://raw.githubusercontent.com/PokeAPI/sprites/master/sprites/pokemon/versions/generation-viii/icons/80.png
81,Magnemite,코일,Uses anti-gravity to stay suspended. Appears without warning and uses THUNDER WAVE and similar moves.,좌우의 유닛에서 중력을 차단하는 힘을 발휘하기에 공중에 뜰 수 있다.,Electric,Steel,0.3,6.0,0,0,https://raw.githubusercontent.com/PokeAPI/sprites/master/sprites/pokemon/other/home/81.png,https://raw.githubusercontent.com/PokeAPI/sprites/master/sprites/pokemon/other/showdown/81.gif,https://raw.githubusercontent.com/PokeAPI/sprites/master/sprites/pokemon/versions/generation-viii/icons/81.png
82,Magneton,레어코일,Formed by several MAGNEMITEs linked together. They frequently appear when sunspots flare up.,다수의 코일이 연결되어 강력한 자기장과 높은 전압을 방사한다.,Electric,Steel,1.0,60.0,0,0,https://raw.githubusercontent.com/PokeAPI/sprites/master/sprites/pokemon/other/home/82.png,https://raw.githubusercontent.com/PokeAPI/sprites/master/sprites/pokemon/other/showdown/82.gif,https://raw.githubusercontent.com/PokeAPI/sprites/master/sprites/pokemon/versions/generation-viii/icons/82.png
83,Farfetch’d,파오리,The sprig of green onions it holds is its weapon. It is used much like a metal sword.,가지고 있는 파 줄기는 소중한 무기이기도 하며 칼을 휘두르듯 다양한 것을 자를 수 있다.,Normal,Flying,0.8,15.0,0,0,https://raw.githubusercontent.com/PokeAPI/sprites/master/sprites/pokemon/other/home/83.png,https://raw.githubusercontent.com/PokeAPI/sprites/master/sprites/pokemon/other/showdown/83.gif,https://raw.githubusercontent.com/PokeAPI/sprites/master/sprites/pokemon/versions/generation-viii/icons/83.png
84,Doduo,두두,A bird that makes up for its poor flying with its fast foot speed. Leaves giant footprints.,돌연변이로 발견된 두 개의 머리를 지닌 포켓몬이다. 시속 100km로 달린다.,Normal,Flying,1.4,39.2,0,0,https://raw.githubusercontent.com/PokeAPI/sprites/master/sprites/pokemon/other/home/84.png,https://raw.githubusercontent.com/PokeAPI/sprites/master/sprites/pokemon/other/showdown/84.gif,https://raw.githubusercontent.com/PokeAPI/sprites/master/sprites/pokemon/versions/generation-viii/icons/84.png
85,Dodrio,두트리오,"Uses its three brains to execute complex plans. While two heads sleep, one head stays awake.",3개의 머리가 보고 있는 앞에서 조금이라도 빈틈을 보이면 부리로 격렬하게 쪼아댄다.,Normal,Flying,1.8,85.2,0,0,https://raw.githubusercontent.com/PokeAPI/sprites/master/sprites/pokemon/other/home/85.png,https://raw.githubusercontent.com/PokeAPI/sprites/master/sprites/pokemon/other/showdown/85.gif,https://raw.githubusercontent.com/PokeAPI/sprites/master/sprites/pokemon/versions/generation-viii/icons/85.png
86,Seel,쥬쥬,The protruding horn on its head is very hard. It is used for bashing through thick ice.,빙산에 사는 포켓몬이다. 머리의 뾰족하게 돌출된 부분으로 얼음을 깨고 바다를 헤엄친다.,Water,,1.1,90.0,0,0,https://raw.githubusercontent.com/PokeAPI/sprites/master/sprites/pokemon/other/home/86.png,https://raw.githubusercontent.com/PokeAPI/sprites/master/sprites/pokemon/other/showdown/86.gif,https://raw.githubusercontent.com/PokeAPI/sprites/master/sprites/pokemon/versions/generation-viii/icons/86.png
87,Dewgong,쥬레곤,Stores thermal energy in its body. Swims at a steady 8 knots even in intensely cold waters.,전신이 새하얀 털로 뒤덮여 있다. 추위에 강해서 오히려 추울수록 힘이 넘쳐 난다.,Water,Ice,1.7,120.0,0,0,https://raw.githubusercontent.com/PokeAPI/sprites/master/sprites/pokemon/other/home/87.png,https://raw.githubusercontent.com/PokeAPI/sprites/master/sprites/pokemon/other/showdown/87.gif,https://raw.githubusercontent.com/PokeAPI/sprites/master/sprites/pokemon/versions/generation-viii/icons/87.png
88,Grimer,질퍽이,Appears in filthy areas. Thrives by sucking up polluted sludge that is pumped out of factories.,달로부터의 X선을 쬔 오물이 질퍽이로 변화했다. 더러운 것을 좋아한다.,Poison,,0.9,30.0,0,0,https://raw.githubusercontent.com/PokeAPI/sprites/master/sprites/pokemon/other/home/88.png,https://raw.githubusercontent.com/PokeAPI/sprites/master/sprites/pokemon/other/showdown/88.gif,https://raw.githubusercontent.com/PokeAPI/sprites/master/sprites/pokemon/versions/generation-viii/icons/88.png
89,Muk,질뻐기,"Thickly covered with a filthy, vile sludge. It is so toxic, even its footprints contain poison.",진흙이 쌓여 악취가 나는 장소를 좋아해서 모여들기 때문에 주변은 더욱 악취가 난다.,Poison,,1.2,30.0,0,0,https://raw.githubusercontent.com/PokeAPI/sprites/master/sprites/pokemon/other/home/89.png,https://raw.githubusercontent.com/PokeAPI/sprites/master/sprites/pokemon/other/showdown/89.gif,https://raw.githubusercontent.com/PokeAPI/sprites/master/sprites/pokemon/versions/generation-viii/icons/89.png
90,Shellder,셀러,Its hard shell repels any kind of attack. It is vulnerable only when its shell is open.,단단한 껍데기는 어떤 공격도 튕겨낸다. 껍데기를 벌리고 있을 때 안쪽을 공격당하는 것에는 약하다.,Water,,0.3,4.0,0,0,https://raw.githubusercontent.com/PokeAPI/sprites/master/sprites/pokemon/other/home/90.png,https://raw.githubusercontent.com/PokeAPI/sprites/master/sprites/pokemon/other/showdown/90.gif,https://raw.githubusercontent.com/PokeAPI/sprites/master/sprites/pokemon/versions/generation-viii/icons/90.png
91,Cloyster,파르셀,"When attacked, it launches its horns in quick volleys. Its innards have never been seen.",조수의 흐름이 격한 바다에 서식하고 있는 파르셀의 껍질의 가시는 크고 날카롭다.,Water,Ice,1.5,132.5,0,0,https://raw.githubusercontent.com/PokeAPI/sprites/master/sprites/pokemon/other/home/91.png,https://raw.githubusercontent.com/PokeAPI/sprites/master/sprites/pokemon/other/showdown/91.gif,https://raw.githubusercontent.com/PokeAPI/sprites/master/sprites/pokemon/versions/generation-viii/icons/91.png
92,Gastly,고오스,"Almost invisible, this gaseous POKéMON cloaks the target and puts it to sleep without notice.",가스로 만들어진 몸은 어떠한 크기의 상대라도 둘러싸서 숨을 못 쉬게 한다.,Ghost,Poison,1.3,0.1,0,0,https://raw.githubusercontent.com/PokeAPI/sprites/master/sprites/pokemon/other/home/92.png,https://raw.githubusercontent.com/PokeAPI/sprites/master/sprites/pokemon/other/showdown/92.gif,https://raw.githubusercontent.com/PokeAPI/sprites/master/sprites/pokemon/versions/generation-viii/icons/92.png
93,Haunter,고우스트,"Because of its ability to slip through block walls, it is said to be from an­ other dimension.",어둠 속에서 아무도 없는데도 누군가가 보고 있다는 느낌이 들면 그곳에 고우스트가 있는 것이다.,Ghost,Poison,1.6,0.1,0,0,https://raw.githubusercontent.com/PokeAPI/sprites/master/sprites/pokemon/other/home/93.png,https://raw.githubusercontent.com/PokeAPI/sprites/master/sprites/pokemon/other/showdown/93.gif,https://raw.githubusercontent.com/PokeAPI/sprites/master/sprites/pokemon/versions/generation-viii/icons/93.png
94,Gengar,팬텀,"Under a full moon, this POKéMON likes to mimic the shadows of people and laugh at their fright.",그림자에 모습을 숨긴다. 팬텀이 숨어 있는 방은 온도가 5도 내려간다고 전해진다.,Ghost,Poison,1.5,40.5,0,0,https://raw.githubusercontent.com/PokeAPI/sprites/master/sprites/pokemon/other/home/94.png,https://raw.githubusercontent.com/PokeAPI/sprites/master/sprites/pokemon/other/showdown/94.gif,https://raw.githubusercontent.com/PokeAPI/sprites/master/sprites/pokemon/versions/generation-viii/icons/94.png
95,Onix,롱스톤,"As it grows, the stone portions of its body harden to become similar to a diamond, but colored black.",땅속을 엄청난 기세로 뚫고 나아가며 먹이를 찾는다. 지나간 곳은 디그다의 보금자리가 된다.,Rock,Ground,8.8,210.0,0,0,https://raw.githubusercontent.com/PokeAPI/sprites/master/sprites/pokemon/other/home/95.png,https://raw.githubusercontent.com/PokeAPI/sprites/master/sprites/pokemon/other/showdown/95.gif,https://raw.githubusercontent.com/PokeAPI/sprites/master/sprites/pokemon/versions/generation-viii/icons/95.png
96,Drowzee,슬리프,Puts enemies to sleep then eats their dreams. Occasionally gets sick from eating bad dreams.,잠들게 한 뒤 꿈을 먹지만 나쁜 꿈만 먹고 있으면 배탈이 날 때도 있는 것 같다.,Psychic,,1.0,32.4,0,0,https://raw.githubusercontent.com/PokeAPI/sprites/master/sprites/pokemon/other/home/96.png,https://raw.githubusercontent.com/PokeAPI/sprites/master/sprites/pokemon/other/showdown/96.gif,https://raw.githubusercontent.com/PokeAPI/sprites/master/sprites/pokemon/versions/generation-viii/icons/96.png
97,Hypno,슬리퍼,"When it locks eyes with an enemy, it will use a mix of PSI moves such as HYPNOSIS and CONFUSION.",추 같은 것을 들고 다닌다. 어린아이에게 최면술을 걸어 어딘가로 데려가 버린 사건이 있었다.,Psychic,,1.6,75.6,0,0,https://raw.githubusercontent.com/PokeAPI/sprites/master/sprites/pokemon/other/home/97.png,https://raw.githubusercontent.com/PokeAPI/sprites/master/sprites/pokemon/other/showdown/97.gif,https://raw.githubusercontent.com/PokeAPI/sprites/master/sprites/pokemon/versions/generation-viii/icons/97.png
98,Krabby,크랩,"Its pincers are not only powerful weapons, they are used for balance when walking sideways.",위험이 닥치면 입에서 뿜어내는 거품으로 전신을 감싸서 몸을 크게 보이려고 한다.,Water,,0.4,6.5,0,0,https://raw.githubusercontent.com/PokeAPI/sprites/master/sprites/pokemon/other/home/98.png,https://raw.githubusercontent.com/PokeAPI/sprites/master/sprites/pokemon/other/showdown/98.gif,https://raw.githubusercontent.com/PokeAPI/sprites/master/sprites/pokemon/versions/generation-viii/icons/98.png
99,Kingler,킹크랩,"The large pincer has 10000 hp of crushing power. However, its huge size makes it unwieldy to use.",단단한 집게는 1만 마력의 파워를 지녔지만 너무 커서 움직임이 둔하다.,Water,,1.3,60.0,0,0,https://raw.githubusercontent.com/PokeAPI/sprites/master/sprites/pokemon/other/home/99.png,https://raw.githubusercontent.com/PokeAPI/sprites/master/sprites/pokemon/other/showdown/99.gif,https://raw.githubusercontent.com/PokeAPI/sprites/master/sprites/pokemon/versions/generation-viii/icons/99.png
100,Voltorb,찌리리공,"Usually found in power plants. Easily mistaken for a POKé BALL, they have zapped many people.",몬스터볼이 팔리기 시작했을 때와 같은 시기에 발견되었다. 뭔가 관계가 있다고 전해진다.,Electric,,0.5,10.4,0,0,https://raw.githubusercontent.com/PokeAPI/sprites/master/sprites/pokemon/other/home/100.png,https://raw.githubusercontent.com/PokeAPI/sprites/master/sprites/pokemon/other/showdown/100.gif,https://raw.githubusercontent.com/PokeAPI/sprites/master/sprites/pokemon/versions/generation-viii/icons/100.png
101,Electrode,붐볼,It stores electric energy under very high pressure. It often explodes with little or no provocation.,작은 자극에도 반응해서 폭발한다. 폭탄볼이라 불리며 두려움의 대상이 되고 있다.,Electric,,1.2,66.6,0,0,https://raw.githubusercontent.com/PokeAPI/sprites/master/sprites/pokemon/other/home/101.png,https://raw.githubusercontent.com/PokeAPI/sprites/master/sprites/pokemon/other/showdown/101.gif,https://raw.githubusercontent.com/PokeAPI/sprites/master/sprites/pokemon/versions/generation-viii/icons/101.png
102,Exeggcute,아라리,"Often mistaken for eggs. When disturbed, they quickly gather and attack in swarms.",텔레파시로 대화를 하기 때문에 아라리를 갈라놓으려 해도 바로 모여들어 6마리가 된다.,Grass,Psychic,0.4,2.5,0,0,https://raw.githubusercontent.com/PokeAPI/sprites/master/sprites/pokemon/other/home/102.png,https://raw.githubusercontent.com/PokeAPI/sprites/master/sprites/pokemon/other/showdown/102.gif,https://raw.githubusercontent.com/PokeAPI/sprites/master/sprites/pokemon/versions/generation-viii/icons/102.png
103,Exeggutor,나시,"Legend has it that on rare occasions, one of its heads will drop off and continue on as an EXEGGCUTE.",3개의 머리는 생각하는 것이 각각 다르지만 사이가 좋아서 싸우지 않는 것 같다.,Grass,Psychic,2.0,120.0,0,0,https://raw.githubusercontent.com/PokeAPI/sprites/master/sprites/pokemon/other/home/103.png,https://raw.githubusercontent.com/PokeAPI/sprites/master/sprites/pokemon/other/showdown/103.gif,https://raw.githubusercontent.com/PokeAPI/sprites/master/sprites/pokemon/versions/generation-viii/icons/103.png
104,Cubone,탕구리,"Because it never removes its skull helmet, no one has ever seen this POKéMON's real face.",죽은 어미의 해골을 머리에 쓰고 있다. 외로울 때는 큰 소리로 운다고 한다.,Ground,,0.4,6.5,0,0,https://raw.githubusercontent.com/PokeAPI/sprites/master/sprites/pokemon/other/home/104.png,https://raw.githubusercontent.com/PokeAPI/sprites/master/sprites/pokemon/other/showdown/104.gif,https://raw.githubusercontent.com/PokeAPI/sprites/master/sprites/pokemon/versions/generation-viii/icons/104.png
105,Marowak,텅구리,The bone it holds is its key weapon. It throws the bone skillfully like a boomerang to KO targets.,몸집도 작으며 원래는 약했다. 뼈를 쓰기 시작하면서 성격이 흉포해졌다.,Ground,,1.0,45.0,0,0,https://raw.githubusercontent.com/PokeAPI/sprites/master/sprites/pokemon/other/home/105.png,https://raw.githubusercontent.com/PokeAPI/sprites/master/sprites/pokemon/other/showdown/105.gif,https://raw.githubusercontent.com/PokeAPI/sprites/master/sprites/pokemon/versions/generation-viii/icons/105.png
106,Hitmonlee,시라소몬,"When in a hurry, its legs lengthen progressively. It runs smoothly with extra long, loping strides.",다리를 자유자재로 늘였다 줄였다 한다. 멀리 떨어져 있을 때도 상대를 차올릴 수 있다.,Fighting,,1.5,49.8,0,0,https://raw.githubusercontent.com/PokeAPI/sprites/master/sprites/pokemon/other/home/106.png,https://raw.githubusercontent.com/PokeAPI/sprites/master/sprites/pokemon/other/showdown/106.gif,https://raw.githubusercontent.com/PokeAPI/sprites/master/sprites/pokemon/versions/generation-viii/icons/106.png
107,Hitmonchan,홍수몬,"While apparently doing nothing, it fires punches in lightning fast volleys that are impossible to see.",팔을 비틀며 날리는 펀치는 콘크리트도 부스러뜨린다. 3분 싸우면 잠시 쉰다.,Fighting,,1.4,50.2,0,0,https://raw.githubusercontent.com/PokeAPI/sprites/master/sprites/pokemon/other/home/107.png,https://raw.githubusercontent.com/PokeAPI/sprites/master/sprites/pokemon/other/showdown/107.gif,https://raw.githubusercontent.com/PokeAPI/sprites/master/sprites/pokemon/versions/generation-viii/icons/107.png
108,Lickitung,내루미,Its tongue can be extended like a chameleon's. It leaves a tingling sensation when it licks enemies.,긴 혀는 끈적끈적한 침으로 덮여 있다. 어떤 것이든 달라붙어서 매우 편리하다.,Normal,,1.2,65.5,0,0,https://raw.githubusercontent.com/PokeAPI/sprites/master/sprites/pokemon/other/home/108.png,https://raw.githubusercontent.com/PokeAPI/sprites/master/sprites/pokemon/other/showdown/108.gif,https://raw.githubusercontent.com/PokeAPI/sprites/master/sprites/pokemon/versions/generation-viii/icons/108.png
109,Koffing,또가스,"Because it stores several kinds of toxic gases in its body, it is prone to exploding without warning.",얇고 풍선 같은 몸에 맹독 가스가 차있다. 가까이 오면 역겨운 냄새가 난다.,Poison,,0.6,1.0,0,0,https://raw.githubusercontent.com/PokeAPI/sprites/master/sprites/pokemon/other/home/109.png,https://raw.githubusercontent.com/PokeAPI/sprites/master/sprites/pokemon/other/showdown/109.gif,https://raw.githubusercontent.com/PokeAPI/sprites/master/sprites/pokemon/versions/generation-viii/icons/109.png
110,Weezing,또도가스,"Where two kinds of poison gases meet, 2 KOFFINGs can fuse into a WEEZING over many years.",한쪽이 부풀어 오르면 다른 한쪽은 오그라드는 쌍둥이 또가스. 항상 체내의 독가스를 섞고 있다.,Poison,,1.2,9.5,0,0,https://raw.githubusercontent.com/PokeAPI/sprites/master/sprites/pokemon/other/home/110.png,https://raw.githubusercontent.com/PokeAPI/sprites/master/sprites/pokemon/other/showdown/110.gif,https://raw.githubusercontent.com/PokeAPI/sprites/master/sprites/pokemon/versions/generation-viii/icons/110.png
111,Rhyhorn,뿔카노,"A POKéMON with a one-track mind. Once it charges,  it won't stop running until it falls asleep.",머리는 나쁘지만 힘이 세서 고층 빌딩도 몸통박치기로 산산조각 낸다.,Ground,Rock,1.0,115.0,0,0,https://raw.githubusercontent.com/PokeAPI/sprites/master/sprites/pokemon/other/home/111.png,https://raw.githubusercontent.com/PokeAPI/sprites/master/sprites/pokemon/other/showdown/111.gif,https://raw.githubusercontent.com/PokeAPI/sprites/master/sprites/pokemon/versions/generation-viii/icons/111.png
112,Rhydon,코뿌리,"Protected by an armor-like hide, it is capable of living in molten lava of 3,600 degrees.",전신을 갑옷 같은 피부로 보호하고 있다. 2000도의 마그마 속에서도 살 수 있다.,Ground,Rock,1.9,120.0,0,0,https://raw.githubusercontent.com/PokeAPI/sprites/master/sprites/pokemon/other/home/112.png,https://raw.githubusercontent.com/PokeAPI/sprites/master/sprites/pokemon/other/showdown/112.gif,https://raw.githubusercontent.com/PokeAPI/sprites/master/sprites/pokemon/versions/generation-viii/icons/112.png
113,Chansey,럭키,A rare and elusive POKéMON that is said to bring happiness to those who manage to get it.,행복을 가져다준다고 전해진다. 상처 입은 사람에게 알을 나눠주는 상냥한 포켓몬이다.,Normal,,1.1,34.6,0,0,https://raw.githubusercontent.com/PokeAPI/sprites/master/sprites/pokemon/other/home/113.png,https://raw.githubusercontent.com/PokeAPI/sprites/master/sprites/pokemon/other/showdown/113.gif,https://raw.githubusercontent.com/PokeAPI/sprites/master/sprites/pokemon/versions/generation-viii/icons/113.png
114,Tangela,덩쿠리,The whole body is swathed with wide vines that are similar to sea­ weed. Its vines shake as it walks.,수많은 움직이는 덩굴에 둘러싸여 정체불명이다. 파란 덩굴은 평생 자란다.,Grass,,1.0,35.0,0,0,https://raw.githubusercontent.com/PokeAPI/sprites/master/sprites/pokemon/other/home/114.png,https://raw.githubusercontent.com/PokeAPI/sprites/master/sprites/pokemon/other/showdown/114.gif,https://raw.githubusercontent.com/PokeAPI/sprites/master/sprites/pokemon/versions/generation-viii/icons/114.png
115,Kangaskhan,캥카,The infant rarely ventures out of its mother's protective pouch until it is 3 years old.,배의 주머니에서 새끼를 키운다. 안전할 때만 새끼를 주머니에서 꺼내어 놀게 한다.,Normal,,2.2,80.0,0,0,https://raw.githubusercontent.com/PokeAPI/sprites/master/sprites/pokemon/other/home/115.png,https://raw.githubusercontent.com/PokeAPI/sprites/master/sprites/pokemon/other/showdown/115.gif,https://raw.githubusercontent.com/PokeAPI/sprites/master/sprites/pokemon/versions/generation-viii/icons/115.png
116,Horsea,쏘드라,Known to shoot down flying bugs with precision blasts of ink from the surface of the water.,수면에서 힘차게 먹물을 발사해서 날고 있는 벌레를 맞춰서 떨어뜨릴 때가 있다고 한다.,Water,,0.4,8.0,0,0,https://raw.githubusercontent.com/PokeAPI/sprites/master/sprites/pokemon/other/home/116.png,https://raw.githubusercontent.com/PokeAPI/sprites/master/sprites/pokemon/other/showdown/116.gif,https://raw.githubusercontent.com/PokeAPI/sprites/master/sprites/pokemon/versions/generation-viii/icons/116.png
117,Seadra,시드라,Capable of swim­ ming backwards by rapidly flapping its wing-like pectoral fins and stout tail.,섣불리 만지려고 하면 몸 전체에서 돋아나는 가시에 찔려 기절할 수도 있다.,Water,,1.2,25.0,0,0,https://raw.githubusercontent.com/PokeAPI/sprites/master/sprites/pokemon/other/home/117.png,https://raw.githubusercontent.com/PokeAPI/sprites/master/sprites/pokemon/other/showdown/117.gif,https://raw.githubusercontent.com/PokeAPI/sprites/master/sprites/pokemon/versions/generation-viii/icons/117.png
118,Goldeen,콘치,"Its tail fin billows like an elegant ballroom dress, giving it the nickname of the Water Queen.",5노트의 스피드로 헤엄친다. 몸에 위험을 느끼면 날카로운 뿔로 반격한다.,Water,,0.6,15.0,0,0,https://raw.githubusercontent.com/PokeAPI/sprites/master/sprites/pokemon/other/home/118.png,https://raw.githubusercontent.com/PokeAPI/sprites/master/sprites/pokemon/other/showdown/118.gif,https://raw.githubusercontent.com/PokeAPI/sprites/master/sprites/pokemon/versions/generation-viii/icons/118.png
119,Seaking,왕콘치,"In the autumn spawning season, they can be seen swimming powerfully up rivers and creeks.",가을이 오면 산란을 위해 힘차게 강물을 거슬러 올라가며 헤엄치는 모습을 볼 수 있다.,Water,,1.3,39.0,0,0,https://raw.githubusercontent.com/PokeAPI/sprites/master/sprites/pokemon/other/home/119.png,https://raw.githubusercontent.com/PokeAPI/sprites/master/sprites/pokemon/other/showdown/119.gif,https://raw.githubusercontent.com/PokeAPI/sprites/master/sprites/pokemon/versions/generation-viii/icons/119.png
120,Staryu,별가사리,"If its body is torn, it can grow back if the red core remains. The core flashes at midnight.",몸의 중심에서 빛나는 핵이 있는 한 몸이 찢겨나가도 재생할 수 있다.,Water,,0.8,34.5,0,0,https://raw.githubusercontent.com/PokeAPI/sprites/master/sprites/pokemon/other/home/120.png,https://raw.githubusercontent.com/PokeAPI/sprites/master/sprites/pokemon/other/showdown/120.gif,https://raw.githubusercontent.com/PokeAPI/sprites/master/sprites/pokemon/versions/generation-viii/icons/120.png
121,Starmie,아쿠스타,Its central core glows with the seven colors of the rainbow. Some people value the core as a gem.,코어라고 불리는 중심 부분은 일곱 빛깔로 빛난다. 이것을 보석으로 삼는 사람도 있다고 한다.,Water,Psychic,1.1,80.0,0,0,https://raw.githubusercontent.com/PokeAPI/sprites/master/sprites/pokemon/other/home/121.png,https://raw.githubusercontent.com/PokeAPI/sprites/master/sprites/pokemon/other/showdown/121.gif,https://raw.githubusercontent.com/PokeAPI/sprites/master/sprites/pokemon/versions/generation-viii/icons/121.png
122,Mr. Mime,마임맨,"If interrupted while it is miming, it will slap around the offender with its broad hands.",손가락 끝에서 내는 파동이 공기를 굳혀서 벽을 만든다. 격렬한 공격도 튕겨 낸다.,Psychic,Fairy,1.3,54.5,0,0,https://raw.githubusercontent.com/PokeAPI/sprites/master/sprites/pokemon/other/home/122.png,https://raw.githubusercontent.com/PokeAPI/sprites/master/sprites/pokemon/other/showdown/122.gif,https://raw.githubusercontent.com/PokeAPI/sprites/master/sprites/pokemon/versions/generation-viii/icons/122.png
123,Scyther,스라크,"With ninja-like agility and speed, it can create the illusion that there is more than one.",풀숲에서 갑자기 튀어나와 예리한 낫으로 베어 가르는 모습은 마치 닌자 같다.,Bug,Flying,1.5,56.0,0,0,https://raw.githubusercontent.com/PokeAPI/sprites/master/sprites/pokemon/other/home/123.png,https://raw.githubusercontent.com/PokeAPI/sprites/master/sprites/pokemon/other/showdown/123.gif,https://raw.githubusercontent.com/PokeAPI/sprites/master/sprites/pokemon/versions/generation-viii/icons/123.png
124,Jynx,루주라,It seductively wiggles its hips as it walks. It can cause people to dance in unison with it.,허리를 흔드는 듯이 걷고 있다. 방심하면 엉겁결에 따라서 춤춰버린다고 한다.,Ice,Psychic,1.4,40.6,0,0,https://raw.githubusercontent.com/PokeAPI/sprites/master/sprites/pokemon/other/home/124.png,https://raw.githubusercontent.com/PokeAPI/sprites/master/sprites/pokemon/other/showdown/124.gif,https://raw.githubusercontent.com/PokeAPI/sprites/master/sprites/pokemon/versions/generation-viii/icons/124.png
125,Electabuzz,에레브,"Normally found near power plants, they can wander away and cause major blackouts in cities.",몸의 표면에는 전기가 흐르고 있다. 주변이 어두우면 전신이 푸르스름하게 빛난다.,Electric,,1.1,30.0,0,0,https://raw.githubusercontent.com/PokeAPI/sprites/master/sprites/pokemon/other/home/125.png,https://raw.githubusercontent.com/PokeAPI/sprites/master/sprites/pokemon/other/showdown/125.gif,https://raw.githubusercontent.com/PokeAPI/sprites/master/sprites/pokemon/versions/generation-viii/icons/125.png
126,Magmar,마그마,Its body always burns with an orange glow that enables it to hide perfectly among flames.,화산의 분화구 근처에서 발견되었다. 입에서 불꽃을 뿜어낸다. 체온은 1200도나 된다.,Fire,,1.3,44.5,0,0,https://raw.githubusercontent.com/PokeAPI/sprites/master/sprites/pokemon/other/home/126.png,https://raw.githubusercontent.com/PokeAPI/sprites/master/sprites/pokemon/other/showdown/126.gif,https://raw.githubusercontent.com/PokeAPI/sprites/master/sprites/pokemon/versions/generation-viii/icons/126.png
127,Pinsir,쁘사이저,"If it fails to crush the victim in its pincers, it will swing it around and toss it hard.",2개의 뿔 사이에 먹이를 끼우고 조각날 때까지 놓지 않는다. 조각나지 않으면 저편으로 세게 내던진다.,Bug,,1.5,55.0,0,0,https://raw.githubusercontent.com/PokeAPI/sprites/master/sprites/pokemon/other/home/127.png,https://raw.githubusercontent.com/PokeAPI/sprites/master/sprites/pokemon/other/showdown/127.gif,https://raw.githubusercontent.com/PokeAPI/sprites/master/sprites/pokemon/versions/generation-viii/icons/127.png
128,Tauros,켄타로스,"When it targets an enemy, it charges furiously while whipping its body with its long tails.",3개의 꼬리로 자신을 때려서 투지가 끓어오르면 전속력으로 돌진해온다.,Normal,,1.4,88.4,0,0,https://raw.githubusercontent.com/PokeAPI/sprites/master/sprites/pokemon/other/home/128.png,https://raw.githubusercontent.com/PokeAPI/sprites/master/sprites/pokemon/other/showdown/128.gif,https://raw.githubusercontent.com/PokeAPI/sprites/master/sprites/pokemon/versions/generation-viii/icons/128.png
129,Magikarp,잉어킹,"In the distant past, it was somewhat stronger than the horribly weak descendants that exist today.",힘도 스피드도 거의 없다. 세상에서 가장 약하고 한심한 포켓몬이다.,Water,,0.9,10.0,0,0,https://raw.githubusercontent.com/PokeAPI/sprites/master/sprites/pokemon/other/home/129.png,https://raw.githubusercontent.com/PokeAPI/sprites/master/sprites/pokemon/other/showdown/129.gif,https://raw.githubusercontent.com/PokeAPI/sprites/master/sprites/pokemon/versions/generation-viii/icons/129.png
130,Gyarados,갸라도스,"Once it begins to rampage, a GYARADOS will burn everything down, even in a harsh storm.",분쟁이 일어난 마을을 다 태워버렸다는 기록이 고문서에 남아 있다.,Water,Flying,6.5,235.0,0,0,https://raw.githubusercontent.com/PokeAPI/sprites/master/sprites/pokemon/other/home/130.png,https://raw.githubusercontent.com/PokeAPI/sprites/master/sprites/pokemon/other/showdown/130.gif,https://raw.githubusercontent.com/PokeAPI/sprites/master/sprites/pokemon/versions/generation-viii/icons/130.png
131,Lapras,라프라스,A POKéMON that has been over­ hunted almost to extinction. It can ferry people across the water.,부드러운 마음의 소유자다. 좀처럼 다투지 않아 많이 잡혔기 때문에 수가 줄었다.,Water,Ice,2.5,220.0,0,0,https://raw.githubusercontent.com/PokeAPI/sprites/master/sprites/pokemon/other/home/131.png,https://raw.githubusercontent.com/PokeAPI/sprites/master/sprites/pokemon/other/showdown/131.gif,https://raw.githubusercontent.com/PokeAPI/sprites/master/sprites/pokemon/versions/generation-viii/icons/131.png
132,Ditto,메타몽,Capable of copying an enemy's genetic code to instantly transform itself into a duplicate of the enemy.,전신의 세포를 재구성해서 본 것의 모양과 똑 닮게 변신하는 능력을 가지고 있다.,Normal,,0.3,4.0,0,0,https://raw.githubusercontent.com/PokeAPI/sprites/master/sprites/pokemon/other/home/132.png,https://raw.githubusercontent.com/PokeAPI/sprites/master/sprites/pokemon/other/showdown/132.gif,https://raw.githubusercontent.com/PokeAPI/sprites/master/sprites/pokemon/versions/generation-viii/icons/132.png
133,Eevee,이브이,Its genetic code is irregular. It may mutate if it is exposed to radiation from element STONEs.,진화할 때 모습과 능력이 바뀜으로써 혹독한 환경에 적응하는 희귀한 포켓몬이다.,Normal,,0.3,6.5,0,0,https://raw.githubusercontent.com/PokeAPI/sprites/master/sprites/pokemon/other/home/133.png,https://raw.githubusercontent.com/PokeAPI/sprites/master/sprites/pokemon/other/showdown/133.gif,https://raw.githubusercontent.com/PokeAPI/sprites/master/sprites/pokemon/versions/generation-viii/icons/133.png
134,Vaporeon,샤미드,Lives close to water. Its long tail is ridged with a fin which is often mistaken for a mermaid's.,아름다운 물가를 좋아한다. 세포가 물의 분자구조와 닮아서 물에 녹는 것도 가능하다.,Water,,1.0,29.0,0,0,https://raw.githubusercontent.com/PokeAPI/sprites/master/sprites/pokemon/other/home/134.png,https://raw.githubusercontent.com/PokeAPI/sprites/master/sprites/pokemon/other/showdown/134.gif,https://raw.githubusercontent.com/PokeAPI/sprites/master/sprites/pokemon/versions/generation-viii/icons/134.png
135,Jolteon,쥬피썬더,It accumulates negative ions in the atmosphere to blast out 10000- volt lightning bolts.,체내에 전기가 모이면 전신의 털이 모두 날카롭게 곤두서기 시작한다.,Electric,,0.8,24.5,0,0,https://raw.githubusercontent.com/PokeAPI/sprites/master/sprites/pokemon/other/home/135.png,https://raw.githubusercontent.com/PokeAPI/sprites/master/sprites/pokemon/other/showdown/135.gif,https://raw.githubusercontent.com/PokeAPI/sprites/master/sprites/pokemon/versions/generation-viii/icons/135.png
136,Flareon,부스터,"When storing thermal energy in its body, its temperature could soar to over 1600 degrees.",체내에 불꽃 주머니를 가지고 있다. 싸움이 시작되기 직전에는 체온이 900도까지 올라간다.,Fire,,0.9,25.0,0,0,https://raw.githubusercontent.com/PokeAPI/sprites/master/sprites/pokemon/other/home/136.png,https://raw.githubusercontent.com/PokeAPI/sprites/master/sprites/pokemon/other/showdown/136.gif,https://raw.githubusercontent.com/PokeAPI/sprites/master/sprites/pokemon/versions/generation-viii/icons/136.png
137,Porygon,폴리곤,A POKéMON that consists entirely of programming code. Capable of moving freely in cyberspace.,연구 끝에 태어난 인공 포켓몬이다. 기본적인 동작만 프로그램되어 있다.,Normal,,0.8,36.5,0,0,https://raw.githubusercontent.com/PokeAPI/sprites/master/sprites/pokemon/other/home/137.png,https://raw.githubusercontent.com/PokeAPI/sprites/master/sprites/pokemon/other/showdown/137.gif,https://raw.githubusercontent.com/PokeAPI/sprites/master/sprites/pokemon/versions/generation-viii/icons/137.png
138,Omanyte,암나이트,"Although long extinct, in rare cases, it can be genetically resurrected from fossils.",먼 옛날 바다에서 살고 있던 고대 포켓몬. 10개의 다리를 구불거리며 헤엄친다.,Rock,Water,0.4,7.5,0,0,https://raw.githubusercontent.com/PokeAPI/sprites/master/sprites/pokemon/other/home/138.png,https://raw.githubusercontent.com/PokeAPI/sprites/master/sprites/pokemon/other/showdown/138.gif,https://raw.githubusercontent.com/PokeAPI/sprites/master/sprites/pokemon/versions/generation-viii/icons/138.png
139,Omastar,암스타,A prehistoric POKéMON that died out when its heavy shell made it impossible to catch prey.,촉수가 팔다리처럼 발달해 있다. 달라붙자마자 문다.,Rock,Water,1.0,35.0,0,0,https://raw.githubusercontent.com/PokeAPI/sprites/master/sprites/pokemon/other/home/139.png,https://raw.githubusercontent.com/PokeAPI/sprites/master/sprites/pokemon/other/showdown/139.gif,https://raw.githubusercontent.com/PokeAPI/sprites/master/sprites/pokemon/versions/generation-viii/icons/139.png
140,Kabuto,투구,A POKéMON that was resurrected from a fossil found in what was once the ocean floor eons ago.,3억 년 전에 모래 해변에서 살고 있었던 것으로 추측된다. 단단한 껍질이 몸을 보호한다.,Rock,Water,0.5,11.5,0,0,https://raw.githubusercontent.com/PokeAPI/sprites/master/sprites/pokemon/other/home/140.png,https://raw.githubusercontent.com/PokeAPI/sprites/master/sprites/pokemon/other/showdown/140.gif,https://raw.githubusercontent.com/PokeAPI/sprites/master/sprites/pokemon/versions/generation-viii/icons/140.png
141,Kabutops,투구푸스,Its sleek shape is perfect for swim­ ming. It slashes prey with its claws and drains the body fluids.,수중을 이동할 때 손발을 작게 접고 등껍질을 구부려 빠르게 헤엄친다.,Rock,Water,1.3,40.5,0,0,https://raw.githubusercontent.com/PokeAPI/sprites/master/sprites/pokemon/other/home/141.png,https://raw.githubusercontent.com/PokeAPI/sprites/master/sprites/pokemon/other/showdown/141.gif,https://raw.githubusercontent.com/PokeAPI/sprites/master/sprites/pokemon/versions/generation-viii/icons/141.png
142,Aerodactyl,프테라,A Pokémon that roamed the skies in the dinosaur era. Its teeth are like saw blades.,호박에 남아 있던 공룡의 유전자에서 부활시켰다. 높은 소리로 울며 난다.,Rock,Flying,1.8,59.0,0,0,https://raw.githubusercontent.com/PokeAPI/sprites/master/sprites/pokemon/other/home/142.png,https://raw.githubusercontent.com/PokeAPI/sprites/master/sprites/pokemon/other/showdown/142.gif,https://raw.githubusercontent.com/PokeAPI/sprites/master/sprites/pokemon/versions/generation-viii/icons/142.png
143,Snorlax,잠만보,"Very lazy. Just eats and sleeps. As its rotund bulk builds, it becomes steadily more slothful.",하루에 먹을 것을 400kg 먹지 않으면 성에 차지 않는다. 다 먹으면 잠이 들어 버린다.,Normal,,2.1,460.0,0,0,https://raw.githubusercontent.com/PokeAPI/sprites/master/sprites/pokemon/other/home/143.png,https://raw.githubusercontent.com/PokeAPI/sprites/master/sprites/pokemon/other/showdown/143.gif,https://raw.githubusercontent.com/PokeAPI/sprites/master/sprites/pokemon/versions/generation-viii/icons/143.png
144,Articuno,프리져,A legendary bird POKéMON that is said to appear to doomed people who are lost in icy mountains.,전설의 새포켓몬이다. 공기 중의 수분을 얼려 눈보라를 만들어 낼 수 있다.,Ice,Flying,1.7,55.4,1,0,https://raw.githubusercontent.com/PokeAPI/sprites/master/sprites/pokemon/other/home/144.png,https://raw.githubusercontent.com/PokeAPI/sprites/master/sprites/pokemon/other/showdown/144.gif,https://raw.githubusercontent.com/PokeAPI/sprites/master/sprites/pokemon/versions/generation-viii/icons/144.png
145,Zapdos,썬더,A legendary bird POKéMON that is said to appear from clouds while dropping enormous lightning bolts.,구름 위에서 거대한 번개를 내리치며 나타난다. 전설의 새포켓몬이다.,Electric,Flying,1.6,52.6,1,0,https://raw.githubusercontent.com/PokeAPI/sprites/master/sprites/pokemon/other/home/145.png,https://raw.githubusercontent.com/PokeAPI/sprites/master/sprites/pokemon/other/showdown/145.gif,https://raw.githubusercontent.com/PokeAPI/sprites/master/sprites/pokemon/versions/generation-viii/icons/145.png
146,Moltres,파이어,Known as the legendary bird of fire. Every flap of its wings creates a dazzling flash of flames.,오래전부터 불새의 전설로 알려져 있다. 날갯짓할 때마다 날개가 눈부시게 불타올라서 아름답다.,Fire,Flying,2.0,60.0,1,0,https://raw.githubusercontent.com/PokeAPI/sprites/master/sprites/pokemon/other/home/146.png,https://raw.githubusercontent.com/PokeAPI/sprites/master/sprites/pokemon/other/showdown/146.gif,https://raw.githubusercontent.com/PokeAPI/sprites/master/sprites/pokemon/versions/generation-viii/icons/146.png
147,Dratini,미뇽,Long considered a mythical POKéMON until recently when a small colony was found living underwater.,목격자가 적기 때문에 환상의 포켓몬이라고 불리고 있다. 탈피한 껍질이 발견되고 있다.,Dragon,,1.8,3.3,0,0,https://raw.githubusercontent.com/PokeAPI/sprites/master/sprites/pokemon/other/home/147.png,https://raw.githubusercontent.com/PokeAPI/sprites/master/sprites/pokemon/other/showdown/147.gif,https://raw.githubusercontent.com/PokeAPI/sprites/master/sprites/pokemon/versions/generation-viii/icons/147.png
148,Dragonair,신뇽,A mystical POKéMON that exudes a gentle aura. Has the ability to change climate conditions.,수정 같은 구슬에는 날씨를 자유롭게 조종하는 능력이 담겨 있는 듯하다.,Dragon,,4.0,16.5,0,0,https://raw.githubusercontent.com/PokeAPI/sprites/master/sprites/pokemon/other/home/148.png,https://raw.githubusercontent.com/PokeAPI/sprites/master/sprites/pokemon/other/showdown/148.gif,https://raw.githubusercontent.com/PokeAPI/sprites/master/sprites/pokemon/versions/generation-viii/icons/148.png
149,Dragonite,망나뇽,An extremely rarely seen marine POKéMON. Its intelligence is said to match that of humans.,커다란 몸집으로 하늘을 난다. 지구를 약 16시간 만에 일주한다.,Dragon,Flying,2.2,210.0,0,0,https://raw.githubusercontent.com/PokeAPI/sprites/master/sprites/pokemon/other/home/149.png,https://raw.githubusercontent.com/PokeAPI/sprites/master/sprites/pokemon/other/showdown/149.gif,https://raw.githubusercontent.com/PokeAPI/sprites/master/sprites/pokemon/versions/generation-viii/icons/149.png
150,Mewtwo,뮤츠,It was created by a scientist after years of horrific gene splicing and DNA engineering experiments.,한 과학자가 몇 년에 걸쳐 무서운 유전자의 연구를 계속한 결과 탄생했다.,Psychic,,2.0,122.0,1,0,https://raw.githubusercontent.com/PokeAPI/sprites/master/sprites/pokemon/other/home/150.png,https://raw.githubusercontent.com/PokeAPI/sprites/master/sprites/pokemon/other/showdown/150.gif,https://raw.githubusercontent.com/PokeAPI/sprites/master/sprites/pokemon/versions/generation-viii/icons/150.png
151,Mew,뮤,So rare that it is still said to be a mirage by many experts. Only a few people have seen it worldwide.,모든 기술을 사용하기 때문에 포켓몬의 조상이라고 생각하는 학자가 많다.,Psychic,,0.4,4.0,0,1,https://raw.githubusercontent.com/PokeAPI/sprites/master/sprites/pokemon/other/home/151.png,https://raw.githubusercontent.com/PokeAPI/sprites/master/sprites/pokemon/other/showdown/151.gif,https://raw.githubusercontent.com/PokeAPI/sprites/master/sprites/pokemon/versions/generation-viii/icons/151.png
